{"train_recall": 0.7320754716981132, "train_precision": 0.9065420560747663, "test_recall": 0.6737588652482269, "test_precision": 0.8333333333333334}